"bairro","nome","areasum"
"Aerolândia","Aerolândia",6662.06129107062
"Aerolândia","Alto da Balança",893.951997527354
"Aerolândia","Raul Barbosa",120348.912321232
"Aerolândia","Travessa Flamengo",13579.5232507679
"Aeroporto","Aerolândia",0.0427834419402564
"Aeroporto","Boa Noite",24340.0863733954
"Aeroporto","Buraco da Jia",0.106104242706909
"Aeroporto","Comunidade Rua do Guga",7965.79597930067
"Aeroporto","Lagoa do Opaia ou Vila Opaia",95942.0922712697
"Aeroporto","Lauro Chaves/Vila Castilho/Nova Divinéia",39599.3551505213
"Aeroporto","Vila União / Ouro Verde",9681.68362237676
"Aldeota","Campo do América",19041.1314730105
"Aldeota","Grande Favela do Trilho",33729.5295365125
"Alto da Balança","Comunidade Padre Cícero / Areal ou Raul Barbosa",17675.1906603186
"Alto da Balança","Comunidade Pantanal do Lagamar",30397.1519597188
"Alto da Balança","Lagamar",155894.9640119
"Alto da Balança","Santo Expedito",9340.97914449474
"Amadeu Furtado","Amadeu Furtado",11037.6523889587
"Amadeu Furtado","Amadeu Furtado II",5405.19779942182
"Amadeu Furtado","Bela Vista Nova",10071.8912784338
"Amadeu Furtado","Forro da Bala",4832.40524867443
"Amadeu Furtado","Vila João Freitas ou Travessa Maravilha",7512.38059552645
"Ancuri","Chico Mendes III",26028.1280163733
"Ancuri","Rua Jardim Botanico",56707.8604816152
"Ancuri","Rua Santo Brejo",19104.8393631196
"Ancuri","Santa Fé",49375.5027013392
"Antônio Bezerra","Antonio Bezerra",11670.2230665037
"Antônio Bezerra","Comunidade Alto do Bode",10377.9353472569
"Antônio Bezerra","Comunidade Sossego / Muriçoca",5.49097714335695
"Antônio Bezerra","Comunidade Travessa Maranguapinho",20985.5249355512
"Antônio Bezerra","Comunidade da Chesf",0.00520921623941656
"Antônio Bezerra","Conjunto Mangueiral",1.73558432087231
"Antônio Bezerra","Daniel de Castro",0.626570920287647
"Antônio Bezerra","Dom Lustosa",2.34795626501162
"Antônio Bezerra","Rua Pedro Melo",44980.7268645207
"Antônio Bezerra","Tupinambá da Frota",48395.5669837584
"Antônio Bezerra","Unidos Venceremos",2.70712599227903
"Aracapé","Godofredo Maciel",14612.647117486
"Aracapé","Pantanal I",103.531124702772
"Aracapé","Rua Jequitibá",3285.51962535094
"Autran Nunes","Alto do Bode",135679.936684134
"Autran Nunes","Autran Nunes",49640.1411039737
"Autran Nunes","Comunidade Alto do Bode",0.0011518039377212
"Autran Nunes","Comunidade Beco do Cal",2302.63291966918
"Autran Nunes","Comunidade Beira Rio I e II / Sem terra",46408.63117132
"Autran Nunes","Daniel de Castro",14285.3421823472
"Autran Nunes","Dom Lustosa",10084.1535822024
"Autran Nunes","Favela do Canil",82261.5675687178
"Autran Nunes","Genibau",285.779792412354
"Autran Nunes","Goiânia",55677.376759561
"Autran Nunes","Graco Cardoso",34192.8860907095
"Autran Nunes","Travessa Alvorada",4832.56433181793
"Autran Nunes","Tupinambá da Frota",0.055814616444812
"Barra do Ceará","Av 20 de janeiro",3535.40937444479
"Barra do Ceará","Boa Esperança/Colibri",16800.8750986764
"Barra do Ceará","Brisa da Praia",102233.571368135
"Barra do Ceará","Buraco da Gia (Antônio Bezerra)",5686.56258738033
"Barra do Ceará","Cimpelco",92831.2811369462
"Barra do Ceará","Comunidade 6 Companheiros / Santa Maria Gorethe",7557.75135749616
"Barra do Ceará","Comunidade Goiabeiras",19807.4330646761
"Barra do Ceará","Comunidade Novo Lar",106222.847972768
"Barra do Ceará","Comunidade Riacho Doce/Jardim Iracema",88222.6389187144
"Barra do Ceará","Cristo Redentor",34616.2590892573
"Barra do Ceará","Dunas I",55463.9613397727
"Barra do Ceará","Dunas II / Goiabeira",147735.889998295
"Barra do Ceará","Jardim Petrópolis",37015.1430448621
"Barra do Ceará","Lutar e Vencer",4.66904193337679
"Barra do Ceará","Quatro Varas I",127812.207496278
"Barra do Ceará","Quatro Varas II",11360.5685835372
"Barra do Ceará","Santa Inês/Pirambu",12.7836165645673
"Barra do Ceará","Santo Amaro",42702.8615708179
"Barra do Ceará","Sete Prédios",5390.12761360916
"Barra do Ceará","Sonho Meu",117492.838648297
"Barra do Ceará","Sítio Aratanha/Grafisa",111212.576240483
"Barra do Ceará","Tavessa José Vilar/contorno Pres Castelo Branco",6568.48564399155
"Barra do Ceará","Terra Prometida",21779.6881078504
"Barra do Ceará","Travessa Olical",13330.9760791512
"Barra do Ceará","Vila Ivone",31139.1442227108
"Barra do Ceará","Vilagg",34878.9894482792
"Barroso","Barroso",4504.81881905763
"Barroso","Che Guevara",869.414745094667
"Barroso","Comunidade 1 de Março",77303.2291002141
"Barroso","Comunidade N S Aparecida",212.74596631488
"Barroso","Comunidade Waldemar de Alcantara",39219.4655324556
"Barroso","Jangurussu (Conjunto João Paulo II)",35216.029402599
"Barroso","João Paulo II",108134.8018401
"Barroso","Matadouro",40896.7321356486
"Barroso","Monte Verde - Campo do Remo",18665.123906551
"Barroso","Nossa Sra de Fátima - Santana II",111358.344953624
"Barroso","Pingo de Luz",62829.6852150766
"Barroso","Rua Jonas Bezerra",7614.29887800044
"Barroso","Rua Maximino Barreto",51484.4582758627
"Barroso","Rua do Pedestre",153658.743160485
"Barroso","Santa Maria Gorete",343.242810665514
"Barroso","Santa Rita",51523.5222732601
"Barroso","São Francisco II",31509.8542557345
"Bela Vista","Amadeu Furtado",260.927197256413
"Bela Vista","Bela Vista",12620.0566416178
"Bela Vista","Copacabana",30279.4476435905
"Bela Vista","Nossa Senhora da Penha",0.00258459353175812
"Bela Vista","Riacho do Corrente",20747.4669177061
"Bela Vista","Rua 3 de Maio",19734.1681736036
"Benfica","Canal Eduardo Girão",3775.15225081595
"Benfica","Comunidade Beco dos Pintos",15.0937605920054
"Boa Vista/Castelão","Avenida Paulino Rocha",879.075718679797
"Boa Vista/Castelão","Carcará",147.556945182692
"Boa Vista/Castelão","Comunidade N S Aparecida",13.2786496349956
"Boa Vista/Castelão","Comunidade do Cal",63152.155955355
"Boa Vista/Castelão","Gavião",21222.3968037302
"Boa Vista/Castelão","Jagata",4025.14845188989
"Boa Vista/Castelão","Lairton Ribeiro",42444.5834355891
"Boa Vista/Castelão","Primeiro de Abril",28172.0842953236
"Boa Vista/Castelão","Rua Bandeira de Melo",0.0498315587698279
"Boa Vista/Castelão","São Sebastião",64685.008009449
"Bom Futuro","Trenzinho",2054.33492036074
"Bom Jardim","Comunidade Canal Leste",176165.241039532
"Bom Jardim","Comunidade Lagoa do Mela Mela",0.0329827269933695
"Bom Jardim","Comunidade Parque Santo Amaro",78179.8536967123
"Bom Jardim","Favela Santa Teresinha",18780.6318393479
"Bom Jardim","Favela do Pantanal/Nova Friburgo",70633.7763134058
"Bom Jardim","Parque Olivândia",12507.9041563089
"Bom Jardim","Rei do Gado",87935.0819917745
"Bom Jardim","Travessa Itu",16363.1026753402
"Bonsucesso","Bonsucesso",14616.8399606442
"Bonsucesso","Comunidade Carlos Chagas",4584.63100043654
"Bonsucesso","Livreiro Gualter II",140.975679824979
"Bonsucesso","Lumes/Vila Maria",0.000553451358467046
"Bonsucesso","Margem do Rio",67743.4135862085
"Bonsucesso","Menino Deus/ Bragança",0.000538176659271258
"Bonsucesso","Parque Olivândia",0.00451705163553016
"Bonsucesso","Parque São Luis",46.9236820527456
"Bonsucesso","Pedreira / Riacho das Pedras",114731.038454599
"Bonsucesso","Rua Pomar Carioca",15398.8503638185
"Bonsucesso","Rua das Acácias",3631.84089228644
"Bonsucesso","Sonho Meu II",534.182452440347
"Bonsucesso","Vital Brasil",8765.86326786264
"Cais do Porto","Casa do Samba",9145.22834913715
"Cais do Porto","Castelo Encantado",98380.8553978129
"Cais do Porto","Comunidade Serviluz/Titanzinho",522037.483513181
"Cais do Porto","Delmar",29354.7725772768
"Cais do Porto","IPECEA / Estivas",73173.0065642777
"Cais do Porto","Morro da Vitória/Farol Novo 2",9.75758466336352e-08
"Cais do Porto","Morro do Mirante",3682.65727277109
"Cajazeiras","Avenida Paulino Rocha",36878.6926980179
"Cajazeiras","Cajazeiras",6038.03921096352
"Cajazeiras","Carcará",575.248256645798
"Cajazeiras","Che Guevara",200509.959003269
"Cajazeiras","Comunidade N S Aparecida",1.0661727665708
"Cajazeiras","Comunidade Waldemar de Alcantara",25.8789069313544
"Cajazeiras","Comunidade do Cal",55.8727432834598
"Cajazeiras","Nossa Sra de Fátima - Santana II",34.9722671693857
"Cajazeiras","S D Cajazeiras",6726.48764643937
"Cajazeiras","Santa Maria Gorete",23976.2367728847
"Cambeba","Novo Alagadiço II",15704.0272548854
"Cambeba","Novo Cambeba",47253.3849189147
"Cambeba","Ocupação Novo Alagadiço trecho I",0.000871279421451755
"Cambeba","Riacho Doce / Via Sul",2.81600586902054e-08
"Canindezinho","Av Jardim Fluminense",23803.3199096007
"Canindezinho","Canindezinho",41232.8814440235
"Canindezinho","Comunidade 8 de dezembro",2600.23756715507
"Canindezinho","Comunidade Jardim Fluminense",114572.50420222
"Canindezinho","Comunidade Jerusalém I e II",212799.282561767
"Canindezinho","Comunidade Parque São José",161250.950325029
"Canindezinho","Parque Alto Alegre",937060.380933837
"Canindezinho","Parque Nazaré",0.00731188379337995
"Canindezinho","Parque Santa Rosa",94599.5659273222
"Canindezinho","Planalto Canindezinho",29499.4338194512
"Carlito Pamplona","Carlito Pamplona",16885.1574547586
"Carlito Pamplona","Comunidade do Tirol",237155.204853452
"Carlito Pamplona","Machado Araújo",22185.1421626577
"Carlito Pamplona","Olavo Andrade",23870.2574198364
"Carlito Pamplona","Rua Lucas",19304.5109086297
"Carlito Pamplona","Santa Elisa/Pirambu",24.7530087651596
"Carlito Pamplona","Travessa Olimpio Paiva",12391.3800223434
"Carlito Pamplona","Travessa Teresina",17546.4964339807
"Carlito Pamplona","Vila Caminha",13961.4647163162
"Centro","Arraial Moura Brasil",626.015169169504
"Centro","Graviola",24118.3936316586
"Centro","Poço da Draga",44628.8011783376
"Centro","São Pedro",14230.8900567668
"Cidade dos Funcionários","Rua Gel Castelo Branco",4.74807431712488
"Cidade dos Funcionários","Tancredo Neves",0.339833301325495
"Cidade dos Funcionários","Vila Cazumba",138136.416844837
"Coaçu","Jardim Arrebol",796.928248435907
"Coaçu","Rua São Jorge",26900.5673752915
"Cocó","Cocó Cidade 2002",43757.1368545579
"Cocó","Grande Favela do Trilho",9028.37485361861
"Cocó","Santos Dumont / Areia Grossa",10.5322731290193
"Cocó","Telemar",1303.00856357898
"Conjunto Ceará I","Comunidade do Capim",0.108262150053929
"Conjunto Ceará I","Dias Monteiro / Olaria e Nova Jerusalem",0.0899428316359127
"Conjunto Ceará I","Favela da Mata",0.0227633779550332
"Conjunto Ceará I","Área Verde I (Conjunto Ceará)",0.106892201176571
"Conjunto Esperança","Campos Belos",84675.608296007
"Conjunto Esperança","Comunidade Parque Santana",0.0126588422906743
"Conjunto Esperança","Das Cajazeiras",24262.4861540104
"Conjunto Esperança","Parque Santa Rosa",2.02511012275481
"Conjunto Esperança","Rua Ari Lobo",18917.7437949904
"Conjunto Palmeiras","Comunidade São Francisco da Ribanceira do Cocó",2336.1927382651
"Conjunto Palmeiras","Conjunto Palmeira",10479.4550226346
"Conjunto Palmeiras","Do Circo",25548.8689855534
"Conjunto Palmeiras","Jacatá",28298.8603772827
"Conjunto Palmeiras","Jangurussu / Comunidade da Mama",184.207619466864
"Conjunto Palmeiras","Nova Fortaleza",160803.374382739
"Conjunto Palmeiras","Palmeiras II",613406.745938902
"Conjunto Palmeiras","Real",26206.2726776142
"Conjunto Palmeiras","Rua Cantinho Verde",110001.126859841
"Conjunto Palmeiras","Rua Catolé",2861.82201203078
"Conjunto Palmeiras","São Cristóvão II",0.000570865249422586
"Couto Fernandes","Couto Fernandes / Favela do Oito",109354.301195229
"Cristo Redentor","Alves de Lima",3773.28496538339
"Cristo Redentor","Cristo Redentor",29878.2671311351
"Cristo Redentor","Santa Elisa/Pirambu",324894.695357606
"Cristo Redentor","Santa Inês/Pirambu",416380.441634209
"Curió","Comunidade São Miguel do Brejo",686.427795416823
"Curió","Labirinto ou Ocupação Novo Alagadiço",88367.4849094856
"Curió","Ocupação São Miguel",165230.146197602
"Curió","São Francisco III",3963.81151323878
"Curió","Travessa Elieli",30810.2605371239
"Damas","Campos Novos",18842.3680933637
"Damas","Canal Eduardo Girão",3655.43774747955
"De Lourdes","Luxou",0.0330359752789616
"Demócrito Rocha","Canal (Rua Paraíba)",14634.5523022681
"Demócrito Rocha","Comunidade Democrito Rocha",17424.2332189608
"Demócrito Rocha","Couto Fernandes / Favela do Oito",0.0766193840863108
"Demócrito Rocha","Fumaça / Planalto Pici",1.35654825126423e-05
"Demócrito Rocha","Nova Favela (Rua Paraíba)",4699.20491960604
"Demócrito Rocha","Romac",20379.2638324874
"Dendê","Assentamento Arco Iris",103048.963234665
"Dendê","Assentamento Rua Holanda",168660.479263141
"Dendê","Ocupação Júlio Alcides",1.95865653067454
"Dendê","Rua Americo Vespucio",26800.4950152307
"Dendê","Travessa Buarque de Macedo",23.3293953002682
"Dias Macêdo","Baxio",15194.7560719961
"Dias Macêdo","Carcará",29374.3584202894
"Dias Macêdo","Cemitério dos Cachorros",12313.7286352952
"Dias Macêdo","Dias Macedo",11592.9914796927
"Dias Macêdo","Lairton Ribeiro",0.000860997185329223
"Dias Macêdo","Papouquinho",12720.9913316893
"Dias Macêdo","Parque Sydrião",68943.0947797376
"Dias Macêdo","Rua Amsterdã",3091.21791958232
"Dias Macêdo","Rua Bandeira de Melo",68825.1905859028
"Dias Macêdo","São Sebastião",0.619093081428082
"Dias Macêdo","Vila Rolim - Boa Vista",21503.0861766909
"Dionísio Torres","Comunidade Pio XII ou Pau Pelado",9878.03427491908
"Dionísio Torres","Grande Favela do Trilho",3435.26807993585
"Dom Lustosa","Alto do Bode",1.22075487807147
"Dom Lustosa","Comunidade da Chesf",45442.0573875771
"Dom Lustosa","Dom Lustosa",88058.7561950946
"Dom Lustosa","Entrada da Lua",520.253346194953
"Dom Lustosa","Futuro Melhor - Planalto Pici",95.9297298954728
"Dom Lustosa","Rua Conselheiro Araujo Lima",4306.487948428
"Edson Queiroz","Baixada do Dendê",113650.27357712
"Edson Queiroz","Cocó Cidade 2002",20.9407567055095
"Edson Queiroz","Comunidade Sabiaguaba",18815.7131105394
"Edson Queiroz","Dendê",248794.802520288
"Edson Queiroz","Estrada de Salinas",16760.2417382221
"Edson Queiroz","Lagoa Seca ou Alvorada",23.8191985065645
"Edson Queiroz","Rocinha",18418.9814996325
"Edson Queiroz","Rua Francisco Dantas",8685.72592336198
"Edson Queiroz","Rua Sabiaguaba",124248.286773314
"Edson Queiroz","Sapiranga/Coité",21.3315680877143
"Ellery","Travessa Olimpio Paiva",3.19807539896687e-08
"Engenheiro Luciano Cavalcante","Mariano Pinto Bandeira",3173.37314909443
"Engenheiro Luciano Cavalcante","Rua Claudio Brasil",4720.35223329419
"Engenheiro Luciano Cavalcante","Travessa Dep Feliciano Ataíde (Vila Feliz)",1969.2081326499
"Engenheiro Luciano Cavalcante","Água Fria Galileia ou Favela da Lagoa",19620.9970346383
"Farias Brito","Comunidade Beco dos Pintos",76375.7015828369
"Farias Brito","Comunidade da Rua Larga",16802.6978433604
"Farias Brito","Mercado Velho",0.00573704069945826
"Farias Brito","Vila Condessa",3476.69594457081
"Floresta","Coelho Neto",19143.5718166951
"Floresta","Comunidade Lagoa do Urubu/Ocupação Floresta",47202.8956311553
"Floresta","Conjunto Pantanal/Língua de Cobra",195422.38852373
"Floresta","Frei Odilon ou Cajueiro das Velhas",15.6950437600155
"Floresta","Kennedy",9.31756222785127
"Floresta","Lutar e Vencer",35537.8575480107
"Floresta","Novo Tempo III",11174.7134594362
"Floresta","Parque Santo Antonio (Travessa São Tomé)",3771.63485576583
"Floresta","Pontilândia",45160.4168486635
"Floresta","Rua Rio Madeira",20527.9948189805
"Floresta","Santo Amaro",0.313827911205344
"Floresta","Solimões",62374.70053383
"Floresta","Status / Vila Antônio Rola",22384.2676463769
"Floresta","São Sebastião ou Unidos dos Moradores do Presidente Kennedy",41.1758113275773
"Floresta","Vila Santa Inês",32453.512131874
"Fátima","Comunidade Brasília",1.3535020260377
"Fátima","Comunidade Rua do Guga",15408.771461208
"Genibaú","Autran Nunes",1123.34178101331
"Genibaú","Boa Esperança",0.288294016916299
"Genibaú","Cachoeira Dourada",26367.8147827081
"Genibaú","Comunidade Canal do Moçambique",39415.5056280711
"Genibaú","Comunidade do Capim",162102.613502862
"Genibaú","Dias Monteiro / Olaria e Nova Jerusalem",232729.072073765
"Genibaú","Favela da Mangueira",10383.576382336
"Genibaú","Favela da Mata",45196.8951227422
"Genibaú","Genibau",107053.797138127
"Genibaú","Genibau II",29398.9897254607
"Genibaú","KM 10",339863.219156349
"Genibaú","Margem do Rio",238.742749914119
"Genibaú","Pantanal III",53198.4531660901
"Genibaú","Parque São Luis",746.805486506355
"Genibaú","Rua Alves Batista (Favela da Mangueira)",4854.05955262953
"Genibaú","Área Verde I (Conjunto Ceará)",258745.110329746
"Granja Lisboa","Alto da Paz",45681.4884143798
"Granja Lisboa","Barra Vermelha",32075.1614821381
"Granja Lisboa","Bom Jardim I",43499.8950513882
"Granja Lisboa","Bom Jardim II",11621.6749015267
"Granja Lisboa","Comunidade Canal Leste",44155.0571345832
"Granja Lisboa","Comunidade Margem do Canal",179705.271679236
"Granja Lisboa","Granja Lisboa",79020.0576426645
"Granja Lisboa","João XXIII",17115.3929401758
"Granja Lisboa","Nova Residência",41414.542361087
"Granja Lisboa","Tucunduba",12277.7204616141
"Granja Portugal","Belém",38527.9145916686
"Granja Portugal","Boa Esperança",21021.1778191812
"Granja Portugal","Cachoeira Dourada",7248.79398065006
"Granja Portugal","Comunidade Lagoa do Mela Mela",156906.415890419
"Granja Portugal","Lumes/Vila Maria",75480.2836705427
"Granja Portugal","Margem do Rio",19.4254716531413
"Granja Portugal","Menino Deus/ Bragança",22070.3649028322
"Granja Portugal","Parque Olivândia",9902.4465223327
"Granja Portugal","Taquari",6565.31707369322
"Guajeru","Beco Francisco Geraldo de Souza",5177.32063144473
"Guajeru","Ocupação Nova Floresta",31111.1418493843
"Guajeru","Ocupação São Miguel",5.82497064276121
"Guajeru","Parque Novo Paraíso ou Olindina Moreira",10476.5848939756
"Guajeru","Sítio São João",465.180257401247
"Henrique Jorge","Autran Nunes",1.12072642540564
"Henrique Jorge","Chui",10071.7182723978
"Henrique Jorge","Dias Monteiro / Olaria e Nova Jerusalem",164.701654287561
"Henrique Jorge","Entrada da Lua",267.571710795515
"Henrique Jorge","Liga Centro Esportivo Tocantins (Rua Cidade)",14385.5024663338
"Henrique Jorge","Porto Alegre",25048.1400295308
"Henrique Jorge","Resplendor",36072.382615931
"Itaoca","Comunidade Diana",8.06229914105959
"Itaoca","Travessa Livino de Carvalho",691.57749361563
"Itaperi","Campo Real",4257.23488482831
"Itaperi","Comunidade Garibalde",0.0484279785055873
"Itaperi","Comunidade Itaperi (Favela do sabonete)",16328.6680907332
"Itaperi","Conjunto Veneza / Parque Dois Irmãos / Campo Ipiranga",65404.8116214463
"Itaperi","Ocupação Pupunha",9416.44834252832
"Itaperi","Ocupação Rua Libania / Dos Buracos",0.0685223567083968
"Itaperi","Rua Americo Vespucio",666.01796071413
"Itaperi","Rua Joselito Oliveira",871.7627343027
"Itaperi","Serrinha II",15924.6122543268
"Itaperi","Trav Turiaçu",6721.0641514719
"Itaperi","Villa Betania",13361.1510852638
"Jacarecanga","Arraial Moura Brasil",12.5623374634796
"Jacarecanga","Comunidade da Rua Larga",3.22726057201248
"Jacarecanga","Comunidade do Tirol",8.06254545958031
"Jacarecanga","Mercado Velho",8674.56825401568
"Jacarecanga","Morro do Ouro",66854.0187276786
"Jacarecanga","Santa Elisa/Pirambu",42495.6864880965
"Jacarecanga","São Pedro",140.734755031167
"Jangurussu","4 de Julho",18390.8288822778
"Jangurussu","Campo Estrela",242868.538435241
"Jangurussu","Cidade de Deus",444.4726578517
"Jangurussu","Comunidade São Francisco da Ribanceira do Cocó",252987.162123915
"Jangurussu","Comunidade São Gerônimo",13368.3513738865
"Jangurussu","Estrada do Ancuri",276.004574803058
"Jangurussu","Jacatá",24941.4115873242
"Jangurussu","Jangurussu",10472.5764143688
"Jangurussu","Jangurussu / Comunidade da Mama",45.0884517971424
"Jangurussu","Nova Fortaleza",79180.363375007
"Jangurussu","Palmeiras II",96.922054547704
"Jangurussu","Parque Santa Filomena/Jangurussu I",62350.3098276498
"Jangurussu","Real",54.3996590812101
"Jangurussu","Rua Cantinho Verde",2.03091805460133
"Jangurussu","Rua Catolé",81936.1711772791
"Jangurussu","Rua Francisco Lima e Silva",17165.2200482497
"Jangurussu","Rua Irmãos Olímpio",10336.2425904676
"Jangurussu","Rua Nunes Feijó",39036.7470730206
"Jangurussu","Santa Rita",4800.22884992347
"Jangurussu","São Cristóvão I",8538.26027836305
"Jangurussu","São Cristóvão II",11726.4707493405
"Jangurussu","Terra Nossa",57940.7213456654
"Jangurussu","Travessa Bicel",4801.36496289231
"Jangurussu","Travessa Jovino Veríssimo",5006.62570681149
"Jangurussu","Travessa Rio Jordão",320.329164488553
"Jardim América","Campo do América",12568.7418258218
"Jardim América","Comunidade Brasília",16662.6840504808
"Jardim América","Jardim America",9166.04170110629
"Jardim América","Salgadinho",41462.4394625222
"Jardim América","Travessa do Mato ou Matadouro",13628.8884104177
"Jardim Cearense","Luxemburgo / Ocupação Junto Maraponga ou Barracal",0.0410482305765405
"Jardim Cearense","Rua 10",12478.394138922
"Jardim Cearense","Rua Emília Sá",12218.5044567304
"Jardim Cearense","Rua Leon Gradvohl",7168.77816578045
"Jardim Cearense","Virgínia Smith",11695.1030058657
"Jardim Guanabara","Vila São José",147.373806103498
"Jardim Iracema","Corrente (Riacho da Soja)",17102.2266288156
"Jardim Iracema","Jandira",6308.80724600296
"Jardim Iracema","Lutar e Vencer",3.97055956033193e-05
"Jardim Iracema","Santo Amaro",7.52158403518771
"Jardim Iracema","Solimões",0.00237038794623661
"Jardim Iracema","Vila São José",5401.14077499006
"Jardim das Oliveiras","Amador Bueno",1555.7097527784
"Jardim das Oliveiras","Comunidade Lagoa da Zeza",68720.9075627798
"Jardim das Oliveiras","Ismael Por Deus",6863.92692723006
"Jardim das Oliveiras","Lagoa do Tijolo",36520.2612546679
"Jardim das Oliveiras","Rua Des Juca Filho",47819.8230882756
"Jardim das Oliveiras","Tancredo Neves",73488.5214236083
"Jardim das Oliveiras","Vila Cazumba",2.84867428941573
"Joaquim Távora","Rua Henrique Rabelo",11934.8671035616
"Joaquim Távora","São Gabriel",12651.9774953579
"José Bonifácio","Coração de Jesus",2998.80923461014
"José de Alencar","Comunidade Uruca",0.0120246410564336
"José de Alencar","Eliseu Oriá",32617.94592804
"José de Alencar","Labirinto ou Ocupação Novo Alagadiço",58444.4034127813
"José de Alencar","Ocupação Novo Alagadiço trecho I",6625.4828725772
"José de Alencar","Ocupação Novo Alagadiço trecho II",4141.22484584604
"José de Alencar","Ocupação Novo Alagadiço trecho III",18561.1576279899
"José de Alencar","Ocupação Pantanal ou Maria Tabosa da Silva",26604.8821884253
"José de Alencar","Ocupação São Miguel",63.5881847532089
"José de Alencar","Parque Novo Paraíso ou Olindina Moreira",22.8523286432503
"José de Alencar","Travessa Francisco",1259.8697291641
"José de Alencar","Travessa Guimarães Gentil",7444.664851648
"João XXIII","Dias Monteiro / Olaria e Nova Jerusalem",351.884919183122
"João XXIII","Favela João XXIII (Rua Donzela)",14546.4289160811
"João XXIII","Favela da Mata",4.82319496776373
"João XXIII","Parque São Luis",40863.3488570066
"João XXIII","Pedreira / Riacho das Pedras",502.665986019187
"João XXIII","Resplendor",0.0877738170061467
"Jóquei Clube","Fumaça / Planalto Pici",0.0272403101668263
"Jóquei Clube","Jóquei Clube",12560.0347811703
"Lagoa Redonda","Comunidade São Miguel do Brejo",99097.9380798138
"Lagoa Redonda","Jardim Arrebol",125364.844118755
"Lagoa Redonda","Lagoa Redonda",9348.58665986858
"Lagoa Redonda","Ocupação Itambé",54192.256515146
"Lagoa Redonda","Ocupação São Miguel",48981.7248473761
"Lagoa Redonda","Rua Raquel Florencio",22377.5460373984
"Lagoa Redonda","Sítio São João",28126.1295522406
"Manoel Sátiro","Rua Benedito",35.7405380874844
"Manoel Sátiro","Rua Frankfort",4071.4752921877
"Manoel Sátiro","Santa Liduina",7006.92729453889
"Manuel Dias Branco","Caça e Pesca/Barra do cocó",0.0867795027000632
"Manuel Dias Branco","Cocó Cidade 2002",244810.070952036
"Manuel Dias Branco","Colonia / Embratel",0.191513506715231
"Manuel Dias Branco","Lagoa / Morro do Gengibre",27413.5518799146
"Manuel Dias Branco","Reassentamento Farol Novo/Gengibre",4958.39306717451
"Maraponga","Luxemburgo / Ocupação Junto Maraponga ou Barracal",21691.1309070616
"Maraponga","Ocupação Godofredo Maciel/Maraponga",17805.0863164943
"Maraponga","Ocupação Júlio Alcides",3705.86004129285
"Maraponga","Rua Benedito",50422.2468660136
"Meireles","Campo do América",48834.135840011
"Meireles","Japão",2857.16237176918
"Messejana","Casa Coração Imaculado",5858.09511555396
"Messejana","Cidade de Deus",0.438429335962352
"Messejana","Frei Henrique Coelho",6363.1928628377
"Messejana","Jardim Violeta ou Rua Almeida Rego",5581.2105925409
"Messejana","Labirinto ou Ocupação Novo Alagadiço",181.989213054747
"Messejana","Nicolau Coelho",4032.79903188047
"Messejana","Novo Cambeba",2804.23638874941
"Messejana","Ocupação da Granjinha",20889.8194049962
"Messejana","Parque Iracema",23943.3974303825
"Messejana","Praça Parque Iracema",12688.7187238923
"Messejana","Santo Expedito",6649.00462074558
"Messejana","São Miguel/São Bernardo",9070.27831614688
"Messejana","Travessa Elieli",433.904751941929
"Messejana","Travessa Juriti",4867.4044717681
"Messejana","Travessa Maravila",6830.32454635484
"Mondubim","Assentamento Rua Holanda",88.1729254124455
"Mondubim","Barracal",6827.32306977413
"Mondubim","Barracal / Cristo Redentor",13164.4285286863
"Mondubim","Campo Real II",98732.099500762
"Mondubim","Catão",6433.27378286297
"Mondubim","Comunidade Parque Santana",85382.2007125383
"Mondubim","Ipaumirim",42957.6221624444
"Mondubim","Lagoa da Libanea",67536.4091192408
"Mondubim","Nova União I",13952.2869747182
"Mondubim","Pantanal I",26.0095069444392
"Mondubim","Rua Emília Sá",0.0350705322584254
"Mondubim","Rua Tobicueiras",4088.50279198291
"Mondubim","Travessa Buarque de Macedo",96497.1664403072
"Mondubim","Travessa da Paz",28298.0024231341
"Mondubim","Vila Nova II",5052.74732697753
"Mondubim","Vila das Flores",22916.2264669067
"Monte Castelo","Comunidade do Canal / Açude João Lopes",27277.9815213384
"Monte Castelo","Fernando Weyne",17934.3125698793
"Monte Castelo","Morro do Ouro",0.0465690509696661
"Monte Castelo","Rua S do Bonfim",1845.60077858288
"Monte Castelo","Vila Caminha",2.86157201245082
"Montese","Boa Noite",0.00842591018679745
"Montese","Buraco da Jia",55180.4541474466
"Montese","Campos Novos",103.767664579417
"Montese","Lauro Chaves/Vila Castilho/Nova Divinéia",1.01890204740237
"Moura Brasil","Arraial Moura Brasil",108238.577957784
"Mucuripe","Castelo Encantado",0.00513232011522823
"Mucuripe","João Arruda",34918.3689139455
"Mucuripe","Papoco (do Mucuripe)",1602.39511294225
"Mucuripe","Praça do Coqueiro",54715.4748142993
"Mucuripe","Rua João Arruda",11429.3570032023
"Mucuripe","Santa Edwirges/Varjota",74574.9844114435
"Mucuripe","Saporé",15611.7480076885
"Mucuripe","Terramar",0.258662451428793
"Mucuripe","Trilho II",0.0380752858528845
"Novo Mondubim","Comunidade Parque São José",27.1285234527511
"Novo Mondubim","Nova União I",0.00139936236384371
"Novo Mondubim","Vila Maria ou Novo Modumbim",15870.6298382295
"Olavo Oliveira","Antenas",23412.2179289217
"Olavo Oliveira","José Goiania (Santa Filomena)",2895.32427905638
"Olavo Oliveira","Malvinas",3.0556136317429
"Olavo Oliveira","Rua Moura da Silva",1825.32525532241
"Padre Andrade","Buraco da Gia (Antônio Bezerra)",27897.4142671878
"Padre Andrade","Guararapes",11827.319689165
"Padre Andrade","Padre Andrade",7996.66527803269
"Padre Andrade","Rua Cetama",4234.5139241904
"Padre Andrade","Unidos Venceremos",15598.4848972655
"Panamericano","Couto Fernandes / Favela do Oito",0.00145893983408803
"Papicu","Come Burra",9411.32615495181
"Papicu","Conjunto Papicu",19060.571913223
"Papicu","Novo Lar/Jardim Nova Esperança",36752.7642999368
"Papicu","Pau Fininho",64818.9203618669
"Papicu","Rio Pardo ou Trilhos I",18536.8299998858
"Papicu","Rua Andre Dall'olio II",4360.93201953652
"Papicu","Santos Dumont / Areia Grossa",12361.5058172834
"Papicu","Telemar",1619.02280387638
"Papicu","Travessa Pelotas (Jardim Nova República)",20050.0011603945
"Papicu","Trilho II",0.00858720553794288
"Papicu","Verdes Mares/Queremos Viver Melhor",47179.5921762375
"Parangaba","Comunidade Democrito Rocha",0.020759194901648
"Parangaba","Comunidade Diana",19866.6716370711
"Parangaba","Comunidade Lagoa da Parangaba",8899.68776141147
"Parangaba","Sonho Meu II",78514.8676803443
"Parangaba","Thomas Edson",7758.7464093257
"Parangaba","Trav Turiaçu",0.000502175251321811
"Parangaba","Travessa Santiago",9533.22174978371
"Parangaba","Zelinda Cruz ou Vila Nova",12563.054411468
"Parque Dois Irmãos","25 de Março",5531.49202984489
"Parque Dois Irmãos","Barracal",0.0660134064530385
"Parque Dois Irmãos","Castanhola",18135.0878508838
"Parque Dois Irmãos","Comunidade Itaperi (Favela do sabonete)",86.1493125887295
"Parque Dois Irmãos","Comunidade Rosalina",138168.14747351
"Parque Dois Irmãos","Jardim União II",4.52665603136631
"Parque Dois Irmãos","Jardim União III",40071.7725987542
"Parque Dois Irmãos","Muriçoca/Tubiacanga",3.2311907251121e-05
"Parque Dois Irmãos","Parque II Irmãos I",12836.0642675695
"Parque Dois Irmãos","Parque II Irmãos II",33305.9045302854
"Parque Dois Irmãos","Parque II Irmãos III",57634.1671364173
"Parque Dois Irmãos","Riacho Doce",11.3365919231561
"Parque Dois Irmãos","Rua Joselito Oliveira",18578.3332093663
"Parque Dois Irmãos","Rua Marcelino de Souza",38224.4035507704
"Parque Dois Irmãos","Serrinha II",0.73838115811639
"Parque Dois Irmãos","Travessa 7 de setembro",10850.7262449222
"Parque Dois Irmãos","Travessa Novo Brasil",6229.63419414786
"Parque Iracema","Ocupação Leão Veloso",9863.13650927641
"Parque Iracema","Travessa Alódia",2140.89795595822
"Parque Manibura","Riacho Doce / Via Sul",5.04421881574323e-09
"Parque Manibura","Rua Gel Castelo Branco",9688.84989215458
"Parque Manibura","Rua José Plutarco",1833.67051262292
"Parque Presidente Vargas","Parque Alto Alegre",20.5844672293853
"Parque Presidente Vargas","Rua Antônio Moreira",309925.282565071
"Parque Presidente Vargas","Umarizeira",70536.0196616382
"Parque Santa Maria","Chico Mendes III",151.225896759908
"Parque Santa Maria","Cidade de Deus",80113.1832178697
"Parque Santa Maria","Estrada do Ancuri",72432.8285022055
"Parque Santa Maria","Rua Benedito Rosa",2211.82319239197
"Parque Santa Maria","Rua Jocélio Monteiro",34475.4224333488
"Parque Santa Maria","Rua Jurandir Leonel Alencar (brejo santo)",17758.2642461051
"Parque Santa Maria","Rua Santo Brejo",16.8341222830812
"Parque Santa Maria","Rua Willys Saraiva",6097.62527348843
"Parque Santa Maria","Santa Maria",21594.2885105971
"Parque Santa Maria","Travessa Maria Quintino",3433.34829193416
"Parque Santa Maria","Travessa Rio Jordão",16219.1087969392
"Parque Santa Maria","Vila Nova",15758.6220003016
"Parque Santa Rosa","Campos Belos",2.5830234995478
"Parque Santa Rosa","Das Cajazeiras",6.71843316503653
"Parque Santa Rosa","Parque Santa Rosa",13330.4236316183
"Parque Santa Rosa","Planalto Santa Rosa",18233.4563891137
"Parque Santa Rosa","Umarizeira",2.20459350834909
"Parque São José","Comunidade Parque São José",15300.2510351676
"Parque São José","Santa Liduina",323.529582308654
"Parreão","Campo do América",14.3225729365361
"Parreão","Comunidade Rua do Guga",26.3425843106873
"Parreão","Parreão",3422.22798026552
"Parreão","Salgadinho",0.774116249859381
"Passaré","Campo Bangu",30491.3121294963
"Passaré","Comunidade 1 de Março",615.656000289115
"Passaré","Comunidade N S Aparecida",145421.103943782
"Passaré","Comunidade Rosalina",10969.1571839432
"Passaré","Comunidade Unidos Venceremos",75723.1351695081
"Passaré","Comunidade Waldemar de Alcantara",1826.4699287546
"Passaré","Comunidade do Cal",0.18376669638704
"Passaré","Jardim União I",22311.0541779069
"Passaré","Jardim União II",7633.45488756308
"Passaré","Jardim União III",8.77618213565123
"Passaré","João Paulo II",26441.9415671594
"Passaré","Lagoa do Prata I/Jangurussu",22194.0195275813
"Passaré","Lagoa do Prata II/Jagurussu",28274.9947245776
"Passaré","Muriçoca/Tubiacanga",15584.3368018016
"Passaré","Parque II Irmãos III",1.97024514320722
"Passaré","Pingo de Luz",847.506499139206
"Passaré","Riacho Doce",230614.416552239
"Passaré","Rua Lagoa do Prata",12901.5466024806
"Passaré","Rua Marcelino de Souza",13.4971028134395
"Passaré","Rua Safira",45112.3854593946
"Passaré","Rua São Cristóvão",28177.4682895951
"Passaré","Santo Antônio do Castelinho",32750.6279425301
"Passaré","Travessa Pacata",3289.62294797654
"Passaré","Travessa Pequena",10453.7595497603
"Paupina","25 de dezembro",20709.7806064403
"Paupina","Bons Amigos",21974.0772319663
"Paupina","Luciola",9817.77875098412
"Paupina","Novo Renascer/Paupina",22687.9172074637
"Paupina","Paupina I",90452.0175160961
"Paupina","Paupina II",6738.95921962051
"Paupina","Paupina III",1803.07132048343
"Paupina","Paupina de Baixo",38497.9490038557
"Paupina","Rua Duarte Coelho",16466.8708489173
"Paupina","Rua João Saldanha",4561.40498794809
"Paupina","Rua Lucrécia",8383.32110823212
"Paupina","Rua Monte Verde",62756.6619750797
"Paupina","Rua Recanto Saudade",4398.39273361921
"Paupina","Rua Simão Santos",23198.9593691715
"Paupina","Rua da Paz",19507.7125179208
"Paupina","Travessa Enoque Falcão",3668.84638446481
"Pedras","Pedras",35041.5339791852
"Pici","Copacabana",0.435128206436554
"Pici","Entrada da Lua",97349.6830478807
"Pici","Fumaça / Planalto Pici",381652.527452203
"Pici","Futuro Melhor - Planalto Pici",36873.6649311516
"Pici","Nossa Senhora da Penha",22701.6308010558
"Pici","Nova Favela (Rua Paraíba)",0.000954792279310416
"Pici","Ocupação da rua Uruguaiana",30729.8995828303
"Pici","Papoco",451276.244931248
"Pirambu","Comunidade do Tirol",0.549056810998329
"Pirambu","Santa Elisa/Pirambu",554724.346834628
"Pirambu","Travessa Teresina",0.210895059805261
"Planalto Ayrton Senna","Comunidade Lago Azul",35841.504138898
"Planalto Ayrton Senna","Conjunto Ipaumirim",4516.82581772256
"Planalto Ayrton Senna","Ipaumirim",92887.6961528798
"Planalto Ayrton Senna","Mutirão Ipaumirim",4067.18139127189
"Planalto Ayrton Senna","Pantanal I",727723.692846317
"Planalto Ayrton Senna","Rua Aurora",6445.02742958287
"Planalto Ayrton Senna","Rua Marajá",13755.4825821117
"Planalto Ayrton Senna","Zuleide Pontes",7835.22228427724
"Praia de Iracema","Beco Potiguaras",2853.93797710497
"Praia de Iracema","Poço da Draga",38.5322365256657
"Praia do Futuro I","31 de Março",2.27826177654883e-06
"Praia do Futuro I","Luxou",89852.4418712606
"Praia do Futuro I","Pintor Antônio Bandeiras",4553.55893722347
"Praia do Futuro II","31 de Março",87897.2063601619
"Praia do Futuro II","Av Alberto Monteiro",5695.84502943839
"Praia do Futuro II","Caça e Pesca/Barra do cocó",391576.679081568
"Praia do Futuro II","Colonia / Embratel",351512.170656801
"Praia do Futuro II","Favela dos Cocos",84823.4083648645
"Prefeito José Walter","Comunidade São Francisco da Ribanceira do Cocó",5664.43405999064
"Prefeito José Walter","Comunidade unidos para lutar pela paz",135313.527150818
"Prefeito José Walter","Curva da Viuva",235657.016519741
"Prefeito José Walter","Jangurussu / Comunidade da Mama",263372.86870213
"Prefeito José Walter","Palmeiras II",1381.74670935317
"Prefeito José Walter","Parque II Irmãos III",0.0233140279823924
"Prefeito José Walter","Rua Marajá",1.39832265973533
"Presidente Kennedy","2000 (2001)",18990.6384434628
"Presidente Kennedy","Cidade 2000",9478.66399398373
"Presidente Kennedy","Conjunto Pantanal/Língua de Cobra",1.08344938057973e-08
"Presidente Kennedy","Frei Odilon ou Cajueiro das Velhas",59506.9460020141
"Presidente Kennedy","Kennedy",33428.8716737075
"Presidente Kennedy","Pontilândia",0.562927501246881
"Presidente Kennedy","Rodolfo",10706.5661232406
"Presidente Kennedy","Rua Internacional",2187.30556547299
"Presidente Kennedy","São Francisco I",16338.9993378775
"Presidente Kennedy","São Sebastião ou Unidos dos Moradores do Presidente Kennedy",22608.0923822614
"Presidente Kennedy","Travessa Araújo",13649.2448313708
"Presidente Kennedy","Virgílio Brígido",34879.2193967692
"Quintino Cunha","Baixada dos Milagres",67827.3957822712
"Quintino Cunha","Comunidade Sossego / Muriçoca",64037.887721844
"Quintino Cunha","Comunidade Travessa Maranguapinho",7.83987979563504
"Quintino Cunha","Conjunto Mangueiral",53551.1701711895
"Quintino Cunha","Corrente / Favela do Canal / Alto Jerusalém",29292.9177814516
"Quintino Cunha","Favela da Muriçoca",17325.6830217557
"Quintino Cunha","Favela de Plástico",9290.47052017144
"Quintino Cunha","Ilha Dourada",61917.9105255584
"Quintino Cunha","Inferninho/Vila Nova",534.049030577284
"Quintino Cunha","Malvinas",100154.219475409
"Quintino Cunha","Monte Rei",38949.9799186836
"Quintino Cunha","Rua Paulo Vitor de Menezes",15360.84141991
"Quintino Cunha","Rua Semente Coité",51675.6434496721
"Quintino Cunha","Travessa Brasil",4811.04123764174
"Rodolfo Teófilo","Amadeu Furtado II",3.00192888773558
"Rodolfo Teófilo","Beco da Samasa",3853.1562421264
"Rodolfo Teófilo","Bela Vista Nova",51.1504180520279
"Rodolfo Teófilo","Rodolfo Teófilo",33300.9839609846
"Rodolfo Teófilo","Vila João Freitas ou Travessa Maravilha",1.79838967083276
"Sabiaguaba","Abreulândia",46811.4880758093
"Sabiaguaba","Comunidade Sabiaguaba",274.899121766992
"Sabiaguaba","Rua Sabiaguaba",3407.69713302145
"Sabiaguaba","Rua Três Marias",24759.3219415582
"Sabiaguaba","Três Marias",150671.112255748
"Salinas","Comunidade Zumbi",7525.55955637165
"Salinas","Muttley (Bucle)",3327.22482282691
"Sapiranga/Coité","Afonso Pena",49059.3400489131
"Sapiranga/Coité","Comunidade Lagoa do Coité",14991.2378767513
"Sapiranga/Coité","Comunidade Uruca",38935.6068467897
"Sapiranga/Coité","Favela da Conquista ou Alecrim",74153.7950915634
"Sapiranga/Coité","Francisca Bezerra (Barro Duro)",21150.6608951983
"Sapiranga/Coité","Lagoa Seca ou Alvorada",135188.137590941
"Sapiranga/Coité","Lagoa da Sapiranga",66499.4112909278
"Sapiranga/Coité","Nosso Senhor do Bonfim",38802.9029835356
"Sapiranga/Coité","Parque Novo Paraíso ou Olindina Moreira",63647.3313088307
"Sapiranga/Coité","Riacho Doce / Via Sul",4279.66729280149
"Sapiranga/Coité","Rua Brig Haroldo Veloso",2136.62290725247
"Sapiranga/Coité","Rua da Faice",9026.99277771768
"Sapiranga/Coité","Sapiranga/Coité",9459.77977285933
"Sapiranga/Coité","Travessa São Lucas",11052.3799973882
"Sapiranga/Coité","Vila Uruca",9618.4282784994
"Sapiranga/Coité","Vitória",13657.2300792256
"Serrinha","Comunidade Canal Rosinha",10330.7322381903
"Serrinha","Comunidade Garibalde",60668.453148601
"Serrinha","Ocupação Airton Senna II",64384.669325745
"Serrinha","Ocupação Amor Base",23502.4982364821
"Serrinha","Ocupação Del Rio",162903.805593119
"Serrinha","Ocupação Garibaldi/Cruzeiro/Itaperoaba",29223.3334270799
"Serrinha","Ocupação Inácio Parente",15530.4620872651
"Serrinha","Ocupação Pupunha",1456.11312161453
"Serrinha","Ocupação Rua Libania / Dos Buracos",109035.007406107
"Serrinha","Ocupação do Neo",18654.2036802973
"Serrinha","Parque Sydrião",0.0386468919155881
"Serrinha","Rampa - São Salvador",30809.1518260267
"Serrinha","Serrinha I",20073.8815674467
"Siqueira","Av Jardim Fluminense",0.000763557865059421
"Siqueira","Comunidade 7 de setembro mutirão",44196.92012515
"Siqueira","Comunidade 7 de setembro ocupação",23795.7630199158
"Siqueira","Comunidade Canal Leste",0.0542806009872282
"Siqueira","Comunidade Margem do Canal",0.0281747783240667
"Siqueira","Favela do Pantanal/Nova Friburgo",17485.4737527319
"Siqueira","Futuro do Brasil",3697.44070065898
"Siqueira","Loteamento Walter Machado",37472.4554120766
"Siqueira","Marrocos/Invasão Urucutuba",217344.225018829
"Siqueira","Nova Residência",0.0250558886219537
"Siqueira","Ocupação da Paz",99440.6941290242
"Siqueira","Parque Nazaré",269174.560129883
"Siqueira","Parque São Vicente",69275.9894656738
"Siqueira","Planalto Canindezinho",0.00187320650768892
"Siqueira","Rua Alexandra",37498.6442591503
"Siqueira","Rua Francisco Machado",81780.831592623
"Siqueira","Rua Indiara",11912.2178112147
"Siqueira","São Bento",18973.7568756025
"Siqueira","São Vicente",63903.2265610363
"Siqueira","Urucutuba/ Rosa de Sarom",46657.3511209687
"São Bento","Bons Amigos",3.66527151713933
"São Bento","Novo Renascer/Paupina",85848.1055440962
"São Gerardo","Fernando Weyne",3.67289289008392
"Tauape","Comunidade Padre Cícero / Areal ou Raul Barbosa",24.8770694875708
"Tauape","Comunidade Pio XII ou Pau Pelado",10.0983366927627
"Tauape","Lagamar",195379.320879879
"Tauape","Rua do Trilho do Pio XII",76847.0088062532
"Varjota","Piniquinhos",1322.91935161716
"Varjota","Rio Pardo ou Trilhos I",0.0163910518691417
"Varjota","Trilho II",0.0121734834692193
"Vicente Pinzón","Antonio Carneiro",17648.1590075995
"Vicente Pinzón","Bento Correia Câmara",7879.18517331194
"Vicente Pinzón","Casa do Samba",0.00916757878107174
"Vicente Pinzón","Castelo Encantado",44272.2534258322
"Vicente Pinzón","Comunidade do Buraco / Morro Santa Terezinha",100076.168370571
"Vicente Pinzón","Conjunto Trajano de Medeiros",10099.0908174321
"Vicente Pinzón","Delmar",211449.05185384
"Vicente Pinzón","Joana D'arc",30054.1597536154
"Vicente Pinzón","Lagoa do Coração",250110.556212387
"Vicente Pinzón","Morro da Vitória/Farol Novo 2",173021.206052002
"Vicente Pinzón","Morro das Placas",73071.0368262839
"Vicente Pinzón","Morro do Mirante",32690.0448622073
"Vicente Pinzón","Pintor Antônio Bandeiras",1.36635984342046
"Vicente Pinzón","Rua Trajano de Medeiros",26778.4001825774
"Vicente Pinzón","Santa Terezinha",28707.5414241965
"Vicente Pinzón","São Pedro/Farol Novo",154934.396406175
"Vicente Pinzón","Terramar",104147.66701726
"Vicente Pinzón","Trilho II",19468.9361770716
"Vila Peri","Cardoso de Barros",7955.76951980518
"Vila Peri","Livreiro Gualter II",21321.020637548
"Vila União","Ambrósio Machado",7218.2373054388
"Vila União","Lagoa do Opaia ou Vila Opaia",10779.3193618212
"Vila União","Livreiro Gualter",17008.6605744515
"Vila União","Ouro Verde",12181.9510536447
"Vila União","Trav Mariana",10063.9059547858
"Vila União","Vila União / Ouro Verde",0.0187954590493895
"Vila Velha","Canteiros",24652.3897799827
"Vila Velha","Comunidade Vila Velha",563981.415171108
"Vila Velha","Ilha Dourada",74624.5724291571
"Vila Velha","Inferninho/Vila Nova",171780.949548398
"Vila Velha","Ministro Antônio Coelho",3124.64070831473
"Vila Velha","Ocupação Vila Velha II",52586.6821656783
"Vila Velha","Vila Velha IV",93412.9529561153
"Álvaro Weyne","Dona Mendinha II",11210.267355022
"Álvaro Weyne","Eliseu Oriá",1211.73746289259
"Álvaro Weyne","Reino Unido II ou Reino Encantado",85342.8529160048
"Álvaro Weyne","Rua Osmar Paiva",2682.02694408435
"Álvaro Weyne","Santa Elisa/Pirambu",2.42840019249007
"Álvaro Weyne","Travessa Olimpio Paiva",0.00398528802145971
"Álvaro Weyne","Travessa Teresina",4.97437298889631e-06
